"出題順","番号","チャプター","ユニット","形式","問題文","選択肢1","選択肢2","選択肢3","選択肢4","選択肢5","選択肢6","正解","正解の内容","完成文","訳","POINT","解説","誤答チェック・補足","備考"
"1","100","Chapter 2 準動詞","UNIT 2 不定詞(2)","空所補充","空所に入る最も適切なものを選択肢から1つ選びなさい。
She speaks French, to say （　） of English.","anything","everything","nothing","something","","","3","nothing","She speaks French, to say nothing of English.","彼女は英語は言うまでもなく、フランス語も話す。","to say nothing of ~「〜は言うまでもなく」","to say nothing of ~ は「〜は言うまでもなく」という意味の独立不定詞で、当然のことを引き合いに出して情報を付け加える表現です。直訳すると「〜については何も言わないとしても」となり、「英語が話せるのは当然として、フランス語まで話せる」という文意になります。not to mention ~ / not to speak of ~ もほぼ同じ意味の言い換え表現として頻出なので、セットで押さえておきましょう。","1 anything：to say anything of という慣用表現は存在しないため×
2 everything：to say everything of という慣用表現は存在しないため×
4 something：to say something of という慣用表現は存在しないため×",""
"2","194","Chapter 3 構造系","UNIT 4 比較(2)","空所補充","Mark is expected to take over his father's business as he is （　） boy of the two sons in his family.","older","oldest","the older","the oldest","","","3","the older","Mark is expected to take over his father's business as he is the older boy of the two sons in his family.","マークは家の2人の息子のうち年上のほうなので、父親の事業を継ぐことを期待されている。","「2つ（2人）のうちで〜なほう」は the + 比較級 + of the two","文末に of the two sons（2人の息子のうち）とあるのが最大のヒントです。比較の対象が「2つ（2人）」に限定されるときは、最上級ではなく「the + 比較級 + of the two」の形を使います。2人しかいなければ「年上のほう」は自動的に1人に決まるため、特定を表す the が比較級に付くのです。これは「3つ以上の中で一番」を表す最上級（the oldest of the three など）と対になるルールで、of the two が見えたら the + 比較級、と機械的に判断できます。したがって the older が正解です。なお、兄弟の年齢には older/oldest のほか elder/eldest も使われますが、本問では選択肢の形だけで判断できます。","1 older：the がないと「2人のうちの1人」に特定できないため×
2 oldest：最上級は原則3つ以上の比較で使い、さらに the も欠けているため×
4 the oldest：of the two（2人の比較）では最上級は使えないため×",""
"3","311","Chapter 4 品詞系","UNIT 6 副詞","空所補充","Since I was a child, I've always wanted to study （　）.","abroad","for abroad","in abroad","to abroad","","","1","abroad","Since I was a child, I've always wanted to study abroad.","子どものころから、私はずっと留学したいと思ってきました。","abroad は「外国で・外国へ」を1語で表す副詞（前置詞は不要）","まず文の構造を確認すると、study という動詞のあとに「外国で」という場所の情報を置く形です。abroad は「外国で・外国へ」という意味をすでに含んだ副詞（動詞などを修飾する語）なので、前置詞（in や to など、名詞の前に置く語）を付けずにそのまま動詞の直後に置きます。日本語の「外国『へ』」「外国『で』」につられて to や in を補いたくなるところが最大の落とし穴です。study abroad（留学する）、go abroad（外国へ行く）はこのままの形で丸ごと覚えてしまいましょう。同じ仲間に home（家へ）、there（そこへ）などがあり、いずれも前置詞を付けません。","2 for abroad：abroad は副詞であり前置詞 for の目的語になれないため×
3 in abroad：「外国で」の意味は abroad 1語に含まれており in は不要のため×
4 to abroad：「外国へ」の意味も abroad に含まれており to は不要のため×",""
"4","004","Chapter 1 動詞関連","UNIT 1 時制(1)","空所補充","I don't have any plans for this Sunday, but next Sunday （　） my aunt.","I visit","I am visiting","I was visiting","I'm going","","","2","I am visiting","I don't have any plans for this Sunday, but next Sunday I am visiting my aunt.","今度の日曜は何も予定がないが、次の日曜はおばを訪ねることになっている。","現在進行形は「すでに決まっている近い未来の予定」を表せる","前半で「今度の日曜は予定がない」と言い、but で「次の日曜は〜」と続けているので、空所には「すでに決まっている予定」を表す形が入ります。現在進行形には「今している最中」だけでなく、「手はずが整っている近い未来の予定」を表す用法があり、I am visiting my aunt で「おばを訪ねることになっている」という意味になります。plans（予定）という語との対応からも、この「予定の進行形」がぴったりです。","1 I visit：単なる現在形は「習慣」を表し、特定の日曜1回の予定を述べる文に合わないため×
3 I was visiting：過去進行形では next Sunday（未来）と矛盾するため×
4 I'm going：go は自動詞なので直後に my aunt という目的語を置けず、I'm going to visit my aunt などの形が必要なため×",""
"5","072","Chapter 1 動詞関連","UNIT 7 受動態","空所補充","I was made （　） till late at night.","work","worked","working","to work","","","4","to work","I was made to work till late at night.","私は夜遅くまで働かされた。","使役動詞 make の受動態は〈be made to do〉","make は「（人に）〜させる」という使役動詞で、能動態では〈make＋O＋動詞の原形〉の形をとります（例: They made me work.）。これを受動態にすると、原形だった work が to 不定詞に変わり、〈be made to do〉となります。したがって was made to work が正解です。問071の知覚動詞と同じく、「受動態になると to が現れる」パターンです。入試では「原形のまま」の選択肢を選ばせるひっかけが定番なので、確実に押さえておきましょう。","1 work：原形は能動態〈make＋O＋原形〉のときのみで、受動態では to が必要なため×
2 worked：過去分詞を続ける形はなく「働かされた」の意味を表せないため×
3 working：be made doing という形は存在しないため×",""
"6","332","Chapter 5 文型","UNIT 1 第1〜第3文型の語法","空所補充","I do exercises to stay （　）.","health","healthy","healthily","a health","","","2","healthy","I do exercises to stay healthy.","私は健康を保つために運動をしています。","stay ＋ 形容詞（〜のままでいる）","stay は「〜のままでいる」という意味では第2文型（S＋V＋C）の動詞で、補語 C には形容詞がきます。「I（S）＝ healthy（C）」の関係が成り立っていることを確認しましょう。日本語の「健康に保つ」の「〜に」につられて副詞 healthily を選ぶのが典型的なミスですが、副詞は補語になれません。stay のほかにも keep、remain など「〜のままでいる」系の動詞は後ろに形容詞をとる、とグループで覚えておくと応用が利きます。","1 health：名詞では「私＝健康（という概念）」となり意味が通らないため×
3 healthily：副詞は補語になれないため×
4 a health：health は数えられない名詞で a を付けられず、名詞自体も補語として不適なため×",""
"7","120","Chapter 2 準動詞","UNIT 4 動名詞(2)","空所補充","If you feel like （　） the rest of our collection, please come to our next exhibition in December.","for seeing","seeing","to see","having seen","","","2","seeing","If you feel like seeing the rest of our collection, please come to our next exhibition in December.","私どものコレクションの残りをご覧になりたければ、ぜひ12月の次回展示会にお越しください。","feel like doing「〜したい気がする」","feel like doing は「〜したい気がする」という意味の慣用表現です。この like は動詞ではなく前置詞なので、後ろには動名詞を置きます。「コレクションの残りを見たい気があれば」という文意から、feel like seeing とするのが正解です。feel like の後ろに to 不定詞を続ける形はないこと、前置詞 like のすぐ後ろにさらに前置詞 for を重ねられないことを押さえておけば、機械的に解ける問題です。","1 for seeing：前置詞 like の直後に別の前置詞 for は置けないため×
3 to see：feel like to do という形は存在しないため×
4 having seen：完了動名詞は「すでに見てしまったこと」を表し、これから見に来てもらう文意に合わないため×",""
"8","152","Chapter 3 構造系","UNIT 1 関係詞(1)","空所補充","My sister told me about a class at her university, （　） very much.","she's enjoying that","she's to enjoy it","that she's to enjoy","which she's enjoying","","","4","which she's enjoying","My sister told me about a class at her university, which she's enjoying very much.","姉は大学のある授業について私に話してくれたが、彼女はその授業をとても楽しんでいる。","コンマの後ろに置けるのは which（非制限用法）、that は不可","空所の前にコンマがあり、先行詞 a class at her university に補足説明を加える形です。このように「コンマ＋関係詞」で先行詞に説明を付け足す使い方を非制限用法（継続用法）といいます。非制限用法で使えるのは which や who などで、that は使えません。また、関係代名詞 which はそれ自体が enjoy の目的語の働きをするので、節の中に it などの目的語を重複して置かないことにも注意しましょう。which she's enjoying で「彼女がそれを楽しんでいる」という説明が先行詞につながります。","1 she's enjoying that：接続詞なしに2つの文をコンマだけでつなぐことはできず、この that は前の名詞と文をつなぐ働きを持たないため×
2 she's to enjoy it：関係詞がなく文と文をつなげられないうえ、be to do（〜する予定だ）にする意味的な理由もないため×
3 that she's to enjoy：関係代名詞 that はコンマ付きの非制限用法では使えないため×",""
"9","244","Chapter 3 構造系","UNIT 7 倒置・強調構文・語順","整序（英文選択）","私は先週はじめてそれに気がついた。
日本語の意味に合う英文として最も適切なものを選びなさい。","It was not until last week that I noticed it.","It was until not last week that I noticed it.","It not was until last week that I noticed it.","It was not that last week until I noticed it.","","","1","It was not until last week that I noticed it.","It was not until last week that I noticed it.","私は先週はじめてそれに気がついた。","It is not until 〜 that ...「〜になってはじめて…する」","「〜してはじめて…した」は、強調構文を使った It was not until 〜 that ... という定型表現で表します。直訳すると「…したのは〜になってからのことだった」で、not until 〜（〜まで…ない）の部分を It was と that で挟んで強調した形です。ここでは until の後ろに last week を置き、that 節の中に I noticed（気づいた）を続けて、It was not until last week that I noticed it. が完成します。語群に not / until / that がそろっていたら、まずこの構文を疑うのが鉄則です。","【組み立て】
語群の not・until・that から It was not until 〜 that ... の構文を想定
was not until last week までを組み立てる（⑥③⑤④）
that の後ろに主語＋動詞 I noticed を置き、文末の it につなげる（②⑦①）",""
"10","200","Chapter 3 構造系","UNIT 4 比較(2)","空所補充","This shopping mall is the second （　） one in New York.","large","larger","largest","the largest","","","3","largest","This shopping mall is the second largest one in New York.","このショッピングモールはニューヨークで2番目に大きい。","「〜番目に…な」は the + 序数 + 最上級","「〜番目に…な」は the + 序数（second, third など）+ 最上級で表します。本問はすでに空所の前に the second が置かれているので、空所には the の付かない最上級 largest を入れて the second largest one（2番目に大きいもの）とします。the はフレーズ全体の先頭に1回だけ付ければよく、最上級の前にもう一度 the を重ねることはできません。in New York という範囲を表す語句も最上級のサインです。「the second + 最上級」の形をひとかたまりの型として覚えておきましょう。","1 large：原級では「2番目に大きい」という順位の意味が出ないため×
2 larger：比較級は than を伴う2者比較の形で、序数 + 最上級の型に合わないため×
4 the largest：すでに文中に the があり、the second the largest と冠詞が重複してしまうため×","編集メモ: 原稿では選択肢が3つのみだったため、第4の選択肢「the largest」を編集部で補った。"
"11","108","Chapter 2 準動詞","UNIT 3 動名詞(1)","空所補充","Michael （　） play football for his school, but he doesn't now.","used to","got used to","was used to","is used to","","","1","used to","Michael used to play football for his school, but he doesn't now.","マイケルは以前は学校のチームでサッカーをしていたが、今はしていない。","used to do「昔は～したものだ（今は違う）」","空所の直後が動詞の原形 play である点にまず注目します。used to do は「昔は～したものだ」と過去の習慣を表し、後ろに動詞の原形をとります。さらに文末の but he doesn't now（今はしていない）が「過去と現在の対比」を示しており、「昔はしていたが今は違う」という used to の核心的な意味とぴったり一致します。一方、be used to / get used to は「～に慣れている／慣れる」という別の熟語で、後ろには動名詞か名詞が必要です。後ろの形（原形か -ing か）と文の意味の両面から 1 を選びます。","2 got used to：「慣れた」の意味で、後ろは動名詞が必要。原形 play が続けられないため×
3 was used to：「慣れていた」の意味で、後ろは動名詞が必要なため×
4 is used to：「慣れている」の意味で、後ろは動名詞が必要。時制も文意も合わないため×",""
"12","159","Chapter 3 構造系","UNIT 1 関係詞(1)","空所補充","I know the girl （　） father is a famous musician.","who","whom","who's","whose","","","4","whose","I know the girl whose father is a famous musician.","私は、父親が有名な音楽家であるその女の子を知っている。","空所＋名詞で「〜の…」となるなら所有格 whose","空所の直後に father という名詞が続き、「その女の子の父親」という所有関係が成り立っています。このように「先行詞の〜」という意味で直後の名詞とセットになるのは、所有格の関係代名詞 whose です。もとの文で考えると、I know the girl. + Her father is a famous musician. の her が whose に変わって2文がつながった形です。whose は先行詞が人でもモノでも使える点も覚えておきましょう。","1 who：主格だが、節内の主語は father としてすでに存在し、「彼女の父」という所有の意味を表せないため×
2 whom：目的格だが、節内に目的語の欠けがなく、直後の名詞ともつながらないため×
3 who's：who is の短縮形であり、who is father is... では文が成立しないため×（whose と音が同じなので狙われやすい）",""
"13","017","Chapter 1 動詞関連","UNIT 2 時制(2)","空所補充","It （　） more than ten years since I left my hometown.","has been","has passed","is passed","was","","","1","has been","It has been more than ten years since I left my hometown.","故郷を離れてから10年以上になります。","経過時間は〈It has been[is]+期間+since+過去の文〉","「～してから（期間）になる」という時間の経過は、〈It has been+期間+since S+過去形〉の形で表します（It is+期間+since ... も可）。since I left my hometown「故郷を離れて以来」の起点から現在までの経過なので、現在完了 has been が適切です。なお「時が経過する」という意味では〈期間+have passed since ...〉という言い方もありますが、その場合は More than ten years have passed ... のように期間そのものが主語になります。本問は主語が It なので、has passed は使えない点に注意しましょう。","2 has passed：pass を使うなら期間（More than ten years）を主語にする必要があり、It を主語にはできないため×
3 is passed：pass「経過する」は自動詞で受動態にできず、形として成り立たないため×
4 was：過去形では「現在までの経過」を表せないため×",""
"14","340","Chapter 5 文型","UNIT 2 第4文型の語法","空所補充","May I ask （　）?","a question you","you a question","you of a question","a question on you","","","2","you a question","May I ask you a question?","ひとつ質問してもよろしいですか。","ask A B ＝「AにBを尋ねる」（人が先、物が後）","ask は第4文型をとる動詞で、ask＋人＋物 の語順で「人に物を尋ねる」を表します。したがって ask you a question「あなたに質問をする」の順になる2が正解です。第4文型では必ず「人（間接目的語）→物（直接目的語）」の順に並ぶことを確認しましょう。なお、第3文型に書き換える場合、ask は特殊で ask a question of you のように of を使いますが、この語順は選択肢にありません。「ask は SVOO なら人が先、書き換えなら of」とセットで覚えるのがポイントです。","1 a question you：「物→人」の順は第4文型の語順として誤り。前置詞もないため×
3 you of a question：of を使うなら ask a question of you の語順。人＋of＋物 の並びは存在しないため×
4 a question on you：ask の書き換えに使う前置詞は of であり、on は使えないため×",""
"15","098","Chapter 2 準動詞","UNIT 2 不定詞(2)","空所補充","日本語の意味を表す英文を作る場合、英文の空所(ア)、(イ)を補うのに最も適切な組み合わせを1つ選びなさい。
言うまでもなく、健康はお金よりも大切だ。
(ア ) to( ィ ),health is more important than money.","Clearlyーtell","Putーwords","Needlessーsay","Expressionーsay","","","3","Needlessーsay","Needless to say, health is more important than money.","言うまでもなく、健康はお金よりも大切だ。","needless to say「言うまでもなく」（独立不定詞）","文全体を修飾する慣用的な不定詞表現(独立不定詞)の問題です。needless to say は「言うまでもなく」という意味の定型表現で、文頭に置いてコンマで区切り、話し手のコメントを添えるはたらきをします。needless は「不必要な」という意味の形容詞で、直訳すると「言う必要もないことだが」となり、日本文の「言うまでもなく」にぴったり対応します。to say the least「控えめに言っても」、to tell the truth「実を言うと」など、他の独立不定詞もまとめて覚えておきましょう。","1 Clearly―tell：Clearly to tell という慣用表現は存在しないため×
2 Put―words：「言い換えれば」なら to put it in other words などの形であり、Put to words では文法的に成立しないため×
4 Expression―say：Expression to say という表現は存在しないため×",""
"16","273","Chapter 4 品詞系","UNIT 3 冠詞・名詞","空所補充","I wish he would give me （　） about the college.","an information","some information","many informations","some more informations","","","2","some information","I wish he would give me some information about the college.","その大学について、彼が何か情報をくれたらいいのに。","information は不可算名詞","空所には「情報」を意味する語句が入りますが、information は数えられない名詞（不可算名詞）の代表格です。不可算名詞には a / an をつけられず、複数形の -s もつけられません。したがって、量を漠然と表す some をつけた some information が正解です。日本語では「情報が1つ、2つ」と数える感覚がありますが、英語の information は advice や furniture などと同じく「ひとかたまりの物質」のように扱う、と覚えておきましょう。数えたいときは a piece of information の形を使います。","1 an information：不可算名詞に不定冠詞 an はつけられないため×
3 many informations：複数形 informations が存在せず、many（数えられる名詞用）も使えないため×
4 some more informations：複数形 informations が誤りのため×",""
"17","061","Chapter 1 動詞関連","UNIT 6 仮定法(2)","空所補充","It is time that you （　） to bed, Tom.","gone","going","to go","went","","","4","went","It is time that you went to bed, Tom.","トム、もう寝る時間ですよ。","It is time (that) S + 過去形「もう〜してもいい時間だ」","It is time (that) 〜 の構文では、that 節の中に仮定法過去（動詞の過去形）を使い、「本当ならもう〜しているはずの時間なのに（まだしていない）」というニュアンスを表します。現在・未来のことなのに過去形を使うのは、「まだ寝ていない」という現実とのズレを仮定法で示しているからです。よって went が正解です。high や about を添えた It is high time / about time 〜 も同じく過去形をとる、という形で頻出なのでまとめて覚えておきましょう。","1 gone：過去分詞単独では述語動詞になれないため×
2 going：-ing 形単独では that 節の述語動詞になれないため×
3 to go：It is time for you to go なら可能だが、that 節の中に to 不定詞は置けないため×",""
"18","291","Chapter 4 品詞系","UNIT 4 代名詞","空所補充","The results of Experiment A are more reliable than （　） of Experiment B.","ones","that","these","those","","","4","those","The results of Experiment A are more reliable than those of Experiment B.","実験Aの結果は実験Bの結果よりも信頼できる。","the + 複数名詞の反復は those で受ける","問290と同じく、比較の文で名詞の繰り返しを避ける問題です。今回受けるのは The results という複数名詞なので、that の複数形 those を使い、those of Experiment B = the results of Experiment B とします。動詞が are になっていることからも、主語も比較対象も複数だと確認できます。「単数なら that、複数なら those」——比較の文でこのペアを見たら、まず元の名詞の単複をチェックする習慣をつけましょう。","1 ones：ones は不特定の複数を表し、the のついた特定名詞の代用として of 句を続ける形では使えないため×
2 that：単数名詞を受ける形で、複数の results に合わないため×
3 these：「これら」と目の前のものを指す語で、名詞の反復代用には使えないため×",""
"19","266","Chapter 4 品詞系","UNIT 2 接続詞","空所補充","Could you advise me about （　） I should apply to this school or not?","that","what","whether","why","","","3","whether","Could you advise me about whether I should apply to this school or not?","この学校に出願すべきかどうか、アドバイスをいただけますか。","whether ... or not「〜かどうか」は前置詞の目的語になれる","空所は前置詞 about の直後で、後ろには I should apply という SV、さらに文末に or not があります。「〜かどうか」という名詞節を作り、or not と呼応できるのは whether です。同じ「〜ということ」系の接続詞でも、that 節は前置詞の目的語になれないという重要な制限があります（× about that ...）。また、名詞節を作る if も前置詞の後ろでは使えません。「前置詞の後ろ＋or not とセット」という2つのサインから whether を選ぶのが着眼点です。","1 that：that 節は前置詞の目的語になれず、or not とも呼応しないため×
2 what：疑問詞 what の後ろは不完全な文（名詞の欠け）が必要だが、I should apply to this school は完結しているため×
4 why：「なぜ出願すべきか」となり意味が通らず、or not とも呼応しないため×",""
"20","044","Chapter 1 動詞関連","UNIT 5 仮定法(1)","空所補充","If I had eaten breakfast, I （　）hungry now.","am not","won't be","wouldn't be","wouldn't have been","","","3","wouldn't be","If I had eaten breakfast, I wouldn't be hungry now.","朝食を食べていれば、今お腹が空いていないでしょうに。","混合仮定法：if 節は過去完了・帰結節は仮定法過去","if 節の had eaten は「過去の事実（朝食を食べなかった）」に反する仮定なので仮定法過去完了の形です。ところが帰結節には now があり、「今空腹だ」という現在の状態の裏返しを述べています。このように「過去の仮定→現在の帰結」を組み合わせる形を混合仮定法と呼び、帰結節は仮定法過去の「would＋原形」、つまり wouldn't be を使います。文末の now を見落とさないことが最大の着眼点です。","1 am not：直説法現在で、仮定の帰結節に置けないため×
2 won't be：直説法未来で、仮定法の文に合わないため×
4 wouldn't have been：「過去に〜でなかっただろう」となり、now（現在）と矛盾するため×",""
"21","209","Chapter 3 構造系","UNIT 5 疑問","空所補充","新しい隣人がどんな人か、知りたい。
I want to know what our new next-door neighbor is （　）.","about","appearing","like","looking","","","3","like","I want to know what our new next-door neighbor is like.","新しい隣人がどんな人か、知りたい。","what S is like =「S がどんな人（もの）か」（間接疑問）","問 208 で見た What is S like? が、know の目的語として文中に組み込まれた間接疑問の形です。間接疑問では平叙文の語順になるので what our new neighbor is like と並びます。この like は前置詞「〜のような」で、本来 like の後ろにあるべき名詞が疑問詞 what になって前に出た、と考えると構造がつかめます。「like が文末に残る」のがこの表現の目印です。","1 about：what S is about は「S（話・本など）が何についてのものか」という意味で、人柄を尋ねる文には合わないため×
2 appearing：is appearing では「現れつつある」となり意味が通らないため×
4 looking：「どんな見た目か」なら what S looks like と動詞 look＋like で表すため、looking 単独では×",""
"22","305","Chapter 4 品詞系","UNIT 5 形容詞","空所補充","During our vacation in Hawaii, we saw quite （　） whales.","a number","several","a lot","a few","","","4","a few","During our vacation in Hawaii, we saw quite a few whales.","ハワイでの休暇中、私たちはかなりたくさんのクジラを見た。","quite a few＋複数名詞＝「かなり多くの」","空所の直後に複数名詞 whales があり、直前に quite があることに注目します。quite a few ～ は「かなり多くの～」という意味の重要熟語で、few「ほとんどない」から連想される意味とは逆に、many に近い「多い」を表します。不可算名詞には quite a little「かなり多くの（量）」を使います。quite とセットで熟語を完成させられる 4 が正解です。「few なのに多い」という意外性から入試で狙われやすい表現なので、quite a few ≒ many と覚えてしまいましょう。","1 a number：quite a number とするなら quite a number of whales と of が必要で、直接名詞を続けられないため×
2 several：quite several という言い方は存在しないため×
3 a lot：quite a lot なら quite a lot of whales と of が必要なため×",""
"23","234","Chapter 3 構造系","UNIT 7 倒置・強調構文・語順","空所補充","No sooner （　） his meal than he drove to a nearby bookstore.","finishing","had he finished","he had finished","he finished","","","2","had he finished","No sooner had he finished his meal than he drove to a nearby bookstore.","彼は食事を終えるとすぐに、近くの書店へ車で向かった。","No sooner had S 過去分詞 〜 than ...「〜するとすぐに…した」","No sooner 〜 than ... は「〜するとすぐに…した」という意味の重要構文です。もとの形は He had no sooner finished his meal than ... で、「食事を終えた（過去完了）」のが「書店へ向かった（過去形）」より一瞬早いことを過去完了で表します。この no sooner という否定語が文頭に出ると、問233と同じく後ろは倒置になり、had と主語 he がひっくり返って No sooner had he finished 〜 という語順になります。「No sooner ＋ had ＋ S ＋ 過去分詞 〜 than S′＋過去形」をワンセットで覚えるのが最短ルートです。空所の後ろに than があることから、この構文だと即座に見抜きましょう。","1 finishing：文の述語動詞（主語に対応する動詞）がなくなってしまうため×
3 he had finished：文頭の否定語 No sooner の後ろは倒置が必要で、平叙文の語順は置けないため×
4 he finished：語順が倒置になっていないうえ、時制も過去完了が必要なため×",""
"24","287","Chapter 4 品詞系","UNIT 4 代名詞","空所補充","Some board members agreed with the president's proposal but （　） didn't.","another","other","others","the other","","","3","others","Some board members agreed with the president's proposal but others didn't.","役員の中には社長の提案に賛成した人もいたが、賛成しなかった人もいた。","some 〜, others ...「〜する人もいれば、…する人もいる」","文頭の Some board members と対になる語を選ぶ問題です。役員全体の人数は特定されておらず、「賛成した人たち」以外の「賛成しなかった（複数の）人たち」も全員とは限りません。このように残りが特定されない複数を指すときは、the を付けない others を使います。some 〜, others ...「〜もいれば…もいる」は対比の定番表現として丸ごと覚えましょう。didn't の後ろには agree with the president's proposal が省略されています。","1 another：単数扱いで動詞も didn't の後の複数的な対比に合わず、「別の1人」では文意も不成立のため×
2 other：other は原則として形容詞的に使う語で、単独で主語になる代名詞用法がないため×
4 the other：「残りの1人」の意味になり、全体数が特定されていないこの文脈では×",""
"25","069","Chapter 1 動詞関連","UNIT 7 受動態","空所補充","The door is （　）.","been painted","been painting","being painted","being painting","","","3","being painted","The door is being painted.","そのドアは今、ペンキを塗られているところだ。","進行形の受動態は〈be動詞＋being＋過去分詞〉","「今まさに〜されている最中だ」という意味は、進行形〈be動詞＋-ing〉と受動態〈be動詞＋過去分詞〉を組み合わせた〈be動詞＋being＋過去分詞〉で表します。この文では is が進行形のbe動詞、being painted が「塗られている」の部分にあたります。ドアは「塗る」側ではなく「塗られる」側なので、最後は必ず過去分詞 painted で終わることに注目すると、正解が being painted に絞れます。","1 been painted：is been という形は存在しない（been は have/has/had の後にしか使えない）ため×
2 been painting：同じく is been が不可能な形のため×
4 being painting：painting では「ドアが塗っている」という能動の意味になってしまうため×",""
"26","140","Chapter 2 準動詞","UNIT 6 分詞(2)","空所補充","下線部と同じ用法の-ingを含む最も適切なものを,選択肢から1つ選びなさい。
Learning a new language implies entering a new world, and it inevitably leads to a widening of intellectual experience.","The birds singing in the trees filled the air with music.","Looking down from the plane, I could see the east coast of the island.","We are entertaining our neighbors this evening.","Next Tuesday is the deadline for sending in your application.","","","4","Next Tuesday is the deadline for sending in your application.","Next Tuesday is the deadline for sending in your application.","来週の火曜日が、申込書を送付する締め切りです。","動名詞（名詞のはたらきをする -ing）を見分ける","問題文の Learning a new language implies entering a new world では、下線部の entering は動詞 implies「〜を意味する」の目的語になっています。つまり「〜すること」という名詞のはたらきをする -ing、すなわち動名詞（動詞を名詞化した形）です。-ing 形の用法を見分けるときは、その語が文中で「名詞・形容詞・副詞」のどの役割を果たしているかに着目します。選択肢 4 の sending は前置詞 for の目的語であり、「送付すること」という名詞のはたらきをしているので、これが同じ動名詞の用法です。前置詞の直後に置ける動詞の形は動名詞だけ、という点も覚えておきましょう。","1 singing：直前の名詞 The birds を修飾する現在分詞（形容詞のはたらき）のため×
2 Looking：「〜しながら / 〜すると」を表す分詞構文（副詞のはたらき）のため×
3 entertaining：be動詞 + -ing の現在進行形（ここでは近い未来の予定を表す用法）のため×","編集メモ: データ上、問題文のどの語に下線があるか示されていない。正解 4（動名詞）から逆算し、implies の目的語 entering（動名詞）を下線部と想定して解説を作成した。"
"27","169","Chapter 3 構造系","UNIT 2 関係詞(2)","空所補充","Junko is a famous musician, and （　） is more, she is an excellent designer.","who","what","where","how","","","2","what","Junko is a famous musician, and what is more, she is an excellent designer.","ジュンコは有名な音楽家であり、さらにその上、優れたデザイナーでもあります。","what is more「さらに、その上」（what を使った慣用表現）","and (　) is more で「さらに、その上」という意味の慣用表現 what is more を完成させる問題です。これは関係代名詞 what を使った決まり文句で、前に述べた内容に情報を付け加えるときの「つなぎ言葉」として働きます。what is worse「さらに悪いことに」、what is called「いわゆる」なども同じ what の慣用表現ファミリーです。文法的に分析するより、表現ごと暗記してしまうのが得点への近道です。ここでは「有名な音楽家である」ことに加えて「優れたデザイナーでもある」とプラスの情報を重ねています。","1 who：who is more という慣用表現は存在せず、先行詞もないため×
3 where：場所を表す関係副詞・疑問詞で、is の主語になれず意味も通らないため×
4 how：how is more では「どのように」となり、文法的にも意味的にも成立しないため×",""
"28","360","Chapter 5 文型","UNIT 3 第5文型の語法(1)","整序（英文選択）","彼は英語を話してみたが、通じなかった（＝英語で自分の意思を伝えるのは不可能だと分かった）。
日本語の意味に合う英文として最も適切なものを選びなさい。","He found it impossible to make himself understood in English.","He found impossible it to make himself understood in English.","He found it impossible to make understood himself in English.","He found it impossible to himself make understood in English.","","","1","He found it impossible to make himself understood in English.","He found it impossible to make himself understood in English.","彼は英語を話してみたが、通じなかった（＝英語で自分の意思を伝えるのは不可能だと分かった）。","find it C to do（形式目的語）＋ make oneself understood","まず述語動詞を決めます。主語 He のあとに置ける過去形は found だけなので、He found が文の骨格です。次に find は「find＋O＋C」（O が C だと分かる）の第5文型を作りますが、目的語が to 不定詞のときはそのまま置けず、形式目的語 it を先に立てて「find it C to do」の語順にします。これで found it impossible to ... が決まります。to のあとには make himself understood（自分の意思を通じさせる）という定型表現を置き、最後に in English（英語で）が文末の English につながるよう in で締めます。","【組み立て】
述語動詞 found を確定 → find it impossible to do（形式目的語 it）→ to make himself understood（意思を通じさせる）→ in + English","編集メモ: 語群の⑧のみ丸数字でなく「⑧」の字形になっている（誤植の可能性）"
"29","258","Chapter 4 品詞系","UNIT 2 接続詞","空所補充","Perhaps the company could further cut costs and （　） even more money after a solution has been found.","have made","made","make","makes","","","3","make","Perhaps the company could further cut costs and make even more money after a solution has been found.","おそらくその会社は、解決策が見つかった後には、さらにコストを削減し、いっそう多くの利益を上げることができるだろう。","等位接続詞 and は文法的に同じ形どうしを結ぶ","まず文の構造を確認しましょう。助動詞 could の後ろに cut costs と (  ) even more money が and で結ばれています。and のような等位接続詞（対等な要素どうしをつなぐ接続詞）は、文法的に同じ形を並べるのが大原則です。ここでは could cut と could (make) という形で、1つの could が2つの動詞にかかっていると考えます。助動詞の後ろは動詞の原形なので、cut（原形）と並ぶのは原形の make です。and の前後を見比べて「何と何が並んでいるか」を見抜くことが着眼点です。","1 have made：could have made は「〜できただろうに（過去の推量・後悔）」となり、原形 cut との並列が崩れるため×
2 made：過去形は助動詞 could の後ろに置けず、cut（原形）との並列にならないため×
4 makes：3人称単数現在形は助動詞の後ろに置けないため×",""
"30","116","Chapter 2 準動詞","UNIT 3 動名詞(1)","誤文訂正","My little sister did ①everything ②she could to avoid ③to eat ④carrots.","① everything","② she could to avoid","③ to eat","④ carrots","","","3","③ to eat","My little sister did everything she could to avoid eating carrots.","私の妹はニンジンを食べるのを避けるためにできることをすべてやった。","avoid は動名詞のみを目的語にとる","文全体は did everything she could（できることはすべてした）に、目的を表す不定詞 to avoid ～（～を避けるために）が続く構造です。問題は avoid の目的語の形で、avoid は megafeps の一つとして目的語に動名詞のみをとり、不定詞は続けられません。したがって③ to eat が誤りで、avoid eating carrots と直します。直前の to avoid という不定詞につられて「また to か」と流してしまわず、avoid の語法そのものをチェックするのが着眼点です。①の everything と②の she could の間には目的格の関係代名詞が省略されており、こちらは正しい形です。","【訂正】③ to eat → eating",""
"31","216","Chapter 3 構造系","UNIT 5 疑問","空所補充","A : （　） will win the annual best album award?
B : The Bangles, for sure.","Do you think who","Who do you think","Who will you think","Who you think","","","2","Who do you think","A: Who do you think will win the annual best album award? B: The Bangles, for sure.","A：年間ベストアルバム賞は誰が取ると思う？ B：絶対バングルスだね。","疑問詞＋do you think ...? — Yes/No で答えられない疑問は疑問詞を文頭に","do you think が絡む疑問文の語順問題です。この質問は「誰が勝つと思うか」を尋ねており、Yes/No では答えられません。このように具体的な情報を求める場合は、疑問詞を文頭に出して「疑問詞＋do you think＋（S）V」の語順にします。ここでは who がもともと will win の主語なので、Who do you think will win ...? と who の直後に do you think が割り込む形になります。B が The Bangles と固有名詞で答えていることも、「Yes/No 型ではなく疑問詞先頭型」を選ぶ根拠になります。","1 Do you think who：疑問詞が文中に残っており、英語ではこの語順は不可のため×
3 Who will you think：「思うか」と尋ねるのは現在のことなので think に will は不要で、後ろの will win と助動詞が重複するため×
4 Who you think：do のない平叙文の語順で、疑問文として成立しないため×",""
"32","172","Chapter 3 構造系","UNIT 2 関係詞(2)","空所補充","Mario has a habit of biting his fingernails （　） he is nervous.","during","whenever","by","throughout","","","2","whenever","Mario has a habit of biting his fingernails whenever he is nervous.","マリオは、緊張するといつも爪を噛む癖があります。","複合関係副詞 whenever ＝「〜するときはいつでも」","空所の後ろには he is nervous という「主語＋動詞」のそろった完全な文（節）が続いています。節を導けるのは接続詞の働きを持つ語なので、複合関係副詞 whenever「〜するときはいつでも」を選びます。whenever he is nervous で「彼が緊張するときはいつでも」という時の副詞節になり、「緊張するたびに爪を噛む癖がある」という自然な文が完成します。一方、during・by・throughout はいずれも前置詞なので、後ろには名詞しか置けず、節を続けることはできません。「後ろが節なら接続詞、名詞なら前置詞」という判別の基本を確認できる問題です。","1 during：前置詞なので後ろに節（SV）を置けないため×
3 by：前置詞であり、後ろに節を続けられないため×
4 throughout：これも前置詞で、後ろには名詞が必要なため×",""
"33","028","Chapter 1 動詞関連","UNIT 3 助動詞(1)","整序（英文選択）","私はかつて妹とままごとをしたものです。
日本語の意味に合う英文として最も適切なものを選びなさい。","I used to play house with my sister.","I used play to house with my sister.","I use to play house with my sister.","I used to played house with my sister.","","","1","I used to play house with my sister.","I used to play house with my sister.","私はかつて妹とままごとをしたものです。","used to do「かつて〜したものだ」（過去の習慣）","「かつて〜したものだ」という過去の習慣は used to + 動詞の原形で表します。主語 I の直後に used to を置き、動詞の原形 play を続けます。「ままごとをする」は play house という決まった表現で、冠詞をつけずに house をそのまま使う点がポイントです。最後に「妹と」を with my sister とまとめれば完成です。used to は「今はもうしていない」という現在との対比を含む表現であることも押さえておきましょう。","【組み立て】
「かつて〜したものだ」→ used to ＋原形を確定
「ままごとをする」→ play house（無冠詞の決まり文句）
「妹と」→ with my (sister)",""
"34","283","Chapter 4 品詞系","UNIT 3 冠詞・名詞","誤文訂正","You ①had better change ②train ③at the ④next station.","① had better change","② train","③ at the","④ next station","","","2","② train","You had better change trains at the next station.","次の駅で電車を乗り換えたほうがいいですよ。","change trains「電車を乗り換える」は複数形","②の train が誤りで、正しくは複数形の trains です。「乗り換える」という動作は、今乗っている電車と次に乗る電車の「2本の電車」が関わるため、相互複数と呼ばれるルールで必ず複数形を使います。make friends with（友達になる）や shake hands with（握手する）と同じ発想です。①の had better は「〜したほうがよい」という助動詞相当表現で、後ろに動詞の原形 change が続いており正しい形です。③ at the と④ next station も「次の駅で」という自然な表現で問題ありません。change buses / change planes も同様に複数形を使います。","【訂正】② train → trains",""
"35","006","Chapter 1 動詞関連","UNIT 1 時制(1)","空所補充","We'll be late unless we （　） now.","leave","don't leave","have left","will leave","","","1","leave","We'll be late unless we leave now.","今出発しないと、私たちは遅れてしまうだろう。","unless（〜しない限り）の節も条件の副詞節＝現在形","unless は「もし〜しないなら（= if ... not）」という意味の接続詞で、if と同じく条件の副詞節を導きます。したがって未来の内容でも will は使わず現在形で表し、leave が正解です。もう一つの注意点は、unless 自体にすでに否定（not）の意味が含まれていることです。そこに don't を重ねると「出発しないのでなければ」と二重否定になってしまい、意味が壊れます。","2 don't leave：unless に否定の意味が含まれているので、not を重ねると二重否定になるため×
3 have left：「今出発する」という内容に完了形は合わないため×
4 will leave：条件の副詞節では will を使えないため×",""
"36","180","Chapter 3 構造系","UNIT 3 比較(1)","空所補充","Jeff and Jenny saved （　） they could to visit their uncle in Hawaii.","as a lot of money as","as much money as","money as a lot as","money as possible as","","","2","as much money as","Jeff and Jenny saved as much money as they could to visit their uncle in Hawaii.","ジェフとジェニーは、ハワイのおじを訪ねるために、できる限り多くのお金を貯めた。","as much＋不可算名詞＋as one can「できるだけ多くの～」","空所の後ろに they could があることから、「as ～ as one can[could]（できるだけ～）」の構文だと見抜きます。「多くのお金」のように名詞の量を比較するときは、as と as の間に「much＋不可算名詞」をはさんで as much money as の語順にします。money は数えられない名詞なので many ではなく much を使う点にも注意してください。よって 2 が正解です。a lot of は肯定文で便利な表現ですが、原級比較の as ～ as の間では使えず、much / many を用いるのが決まりです。","1 as a lot of money as：as ～ as の間に a lot of は置けない（much を使う）ため×
3 money as a lot as：名詞を as の外に出したうえ a lot を挟む語順は文法的に成立しないため×
4 money as possible as：as ～ as possible の語順が崩れており、しかも they could と重複するため×",""
"37","373","Chapter 5 文型","UNIT 4 第5文型の語法(2)","整序（英文選択）","コンピューターのおかげで私たちはその作業を短時間で終わらせることができた。
日本語の意味に合う英文として最も適切なものを選びなさい。","The computer enabled us to the work finish in a short time.","The computer enabled us to finish the work in a short time.","The computer us to enabled finish the work in a short time.","The computer enable us to finish the work in a short time.","","","2","The computer enabled us to finish the work in a short time.","The computer enabled us to finish the work in a short time.","コンピューターのおかげで私たちはその作業を短時間で終わらせることができた。","無生物主語 + enable O to do","「〜のおかげで…できた」という日本語を見たら、無生物主語 + enable O to do（SはOが〜するのを可能にした）への言い換えを疑いましょう。文頭に The があるので、主語は The computer に決まります。あとは enabled us to finish（enable O to do）とつなぎ、finish の目的語に the work を置けば完成です。訳すときは「コンピューターが可能にした」ではなく「コンピューターのおかげで〜できた」と自然に訳すのがポイントです。","【組み立て】
The に続く主語を computer に確定 → enabled us to finish（enable O to do）→ finish の目的語 the work",""
"38","085","Chapter 2 準動詞","UNIT 1 不定詞(1)","空所補充","He was the only one （　） the accident.","to survive","to be survived","survived","have survived","","","1","to survive","He was the only one to survive the accident.","彼はその事故で生き残ったただ一人の人だった。","the only one を修飾する不定詞の形容詞的用法","空所以下は直前の名詞 the only one「ただ一人の人」を後ろから修飾する部分です。名詞を後ろから説明する to 不定詞（形容詞的用法）は、the first / the last / the only などの限定表現と非常に相性がよく、the only one to do で「〜した唯一の人」を表します（＝ the only one who survived と関係代名詞で書き換え可能）。また survive は「〜を生き延びる」という他動詞なので、survive the accident と直接目的語をとり、受動態にする必要はありません。「the only one + to 不定詞」の形をそのまま覚えておきましょう。","2 to be survived：survive は「（人が）事故を生き延びる」という能動の関係なので受動態は×
3 survived：過去分詞の後置修飾では「事故に生き残られた人」という受動の意味になり不自然なため×
4 have survived：名詞を修飾するには to が必要で、have survived を直接続けられないため×",""
"39","033","Chapter 1 動詞関連","UNIT 4 助動詞(2)","空所補充","X : Your apartment is really compact.
Y : You may （　） think this is small, but it's actually larger than average.","good","well","better","best","","","2","well","X : Your apartment is really compact.","X：君のアパート、本当にコンパクトだね。","may well do「〜するのももっともだ／たぶん〜だろう」","Y : You may well think this is small, but it's actually larger than average.
Y：ここが狭いと思うのももっともだけど、実は平均より広いんだよ。
may の直後に空所があり、その後に動詞 think が続く形です。ここに入れられるのは、助動詞と動詞の間に割り込める副詞だけです。may well do で「〜するのももっともだ」という熟語になり、「（見た目がコンパクトだから）狭いと思うのももっともだ」という会話の流れにぴったり合います。この well は「上手に」ではなく「十分に・当然に」という意味の副詞で、may の推量・当然性を強める働きをしています。but 以下で「でも実は平均より広い」と続くことからも、「そう思うのは無理もないが」という譲歩の意味が求められていると分かります。","1 good：形容詞なので、助動詞 may と動詞 think の間に置けないため×
3 better：比較級を入れる熟語は存在せず、比較対象もないため×
4 best：may best think という形は熟語として存在しないため×",""
"40","055","Chapter 1 動詞関連","UNIT 6 仮定法(2)","空所補充","Makoto was very tired last night. Otherwise, he （　） to see the movie.","will go","have gone","will have gone","would have gone","","","4","would have gone","Makoto was very tired last night. Otherwise, he would have gone to see the movie.","マコトは昨夜とても疲れていた。そうでなければ、映画を見に行っていただろう。","otherwise = 「もしそうでなかったら」（if 節の代用）","otherwise は前の文の内容を受けて「もしそうでなかったら（= if he had not been very tired）」という仮定法の if 節の代わりを務める副詞です。前の文は last night と過去の話なので、「昨夜疲れていなかったら」という過去の事実に反する仮定になります。したがって帰結節は仮定法過去完了の「助動詞の過去形 + have + 過去分詞」、つまり would have gone が正解です。otherwise を見たら「直前の文を打ち消した仮定」と読み替え、時制（過去の話か現在の話か）から帰結節の形を決めるのが手順です。","1 will go：直説法の未来形で、過去の事実に反する仮定を表せないため×
2 have gone：助動詞がなく、単独の have gone では帰結節の形にならないため×
3 will have gone：未来完了「〜してしまっているだろう」であり、過去への反実仮想ではないため×",""
"41","222","Chapter 3 構造系","UNIT 6 否定","空所補充","I cannot hear that song （　） thinking of my old friend.","with","without","which","whose","","","2","without","I cannot hear that song without thinking of my old friend.","あの歌を聴くと、必ず昔の友人を思い出す。","cannot ... without -ing「〜すると必ず…する」（二重否定）","cannot ... without -ing は直訳すると「…することなしには〜できない」ですが、否定を2つ重ねること（二重否定）で、結果的に「〜すれば必ず…する」という強い肯定の意味になる頻出表現です。この文では cannot hear と without thinking の2つの否定要素が組み合わさり、「あの歌を聴けば必ず昔の友人のことを考えてしまう」となります。空所の後ろが thinking という動名詞なので、前置詞が入ると見抜けるかどうかも着眼点です。訳すときは「〜せずには…できない」より「〜すると必ず…する」と処理したほうが自然な日本語になります。","1 with：with thinking では「考えることと共に」となり意味を成さないため×
3 which：先行詞 that song を受ける関係代名詞としても、後ろの thinking ... と文がつながらないため×
4 whose：所有格の関係代名詞の後ろには名詞が必要で、thinking of ... と続けられないため×",""
"42","141","Chapter 2 準動詞","UNIT 6 分詞(2)","空所補充","空所に入る最も適切なものを選択肢から1つ選びなさい。
（　） along the street, I found a new coffee shop that had just opened last week.","Walk","Walked","Walking","To walk","","","3","Walking","Walking along the street, I found a new coffee shop that had just opened last week.","通りを歩いていると、先週開店したばかりの新しいコーヒーショップを見つけました。","主語と能動関係なら現在分詞で始まる分詞構文","カンマの後ろに I found という完全な文（SV）があるので、空所からカンマまでは文の主語 I を説明する副詞のカタマリ、つまり分詞構文（接続詞と主語を省略し、分詞で始める表現）です。分詞構文では、意味上の主語は主節の主語と一致します。ここでは「私が歩く」という能動の関係なので、現在分詞 Walking を選びます。When I was walking along the street, I found ... と書き換えられると考えると分かりやすいでしょう。","1 Walk：動詞の原形は命令文になってしまい、後ろの I found とつながらないため×
2 Walked：過去分詞は「歩かれる」という受動の意味になり、I との関係が不自然なため×
4 To walk：文頭の to 不定詞は「〜するために」（目的）となり、「歩くために見つけた」では意味が通らないため×",""
"43","135","Chapter 2 準動詞","UNIT 5 分詞(1)","空所補充","空所に入る最も適切なものを選択肢から1つ選びなさい。
David sat on the chair with his arms （　）.","fold","folded","been folding","being folding","","","2","folded","David sat on the chair with his arms folded.","デイビッドは腕を組んで椅子に座っていた。","付帯状況の with O C(O と C が受動関係なら過去分詞)","「with + 名詞 + 分詞」で「〜を…した状態で」を表す付帯状況の問題です。名詞 his arms と fold(〜を折りたたむ、組む)の関係を考えると、腕は「組まれる」側なので受動の関係です。したがって過去分詞 folded が正解で、with his arms folded で「腕を組んだ状態で=腕組みをして」となります。with one's arms folded(腕を組んで)、with one's legs crossed(脚を組んで)、with one's eyes closed(目を閉じて)は入試頻出の3点セットなので、まとめて覚えておきましょう。","1 fold：動詞の原形は with O の後の補語になれないため×
3 been folding：been は have とセットで使う形であり、単独でここに置くことはできないため×
4 being folding：being と folding という2つの -ing 形を並べる形は文法的に成立しないため×",""
"44","251","Chapter 4 品詞系","UNIT 1 前置詞","空所補充","We will finish this work （　） 5 o'clock.","since","until","for","by","","","4","by","We will finish this work by 5 o'clock.","私たちは5時までにこの仕事を終えるつもりです。","by「〜までに」（期限）― 完了を表す動詞とセット","finish「終える」は一瞬で完了する動作なので、「5時までずっと終え続ける」ことはできません。「5時までに（その時点までのどこかで）終える」という期限を表す by が正解です。前問（250）とは逆のパターンで、until（till）は「〜までずっと」という継続を表すため、finish のような完了動詞とは相性が悪いのです。by ＝期限（deadline）、until ＝継続、と日本語の「〜までに／〜まで」の違いとセットで覚えておくと、迷わず選べるようになります。","1 since：「〜以来」は過去の起点を表し、現在完了などと使う語で、未来の文に合わないため×
2 until：「〜までずっと」という継続を表し、完了動詞 finish と合わないため×
3 for：「〜の間」は期間の長さを表し、5 o'clock という時刻を続けられないため×",""
"45","088","Chapter 2 準動詞","UNIT 1 不定詞(1)","空所補充","This bike is too big for Ted （　）.","ride","riding","rode","to ride","","","4","to ride","This bike is too big for Ted to ride.","この自転車は大きすぎてテッドには乗れない。","too ... for A to do「…すぎてAには〜できない」","too + 形容詞 + for A + to do は「…すぎてAには〜できない」という頻出構文です。for Ted は to 不定詞の意味上の主語（実際に「乗る」動作をする人）を表しており、for の後ろには必ず to 不定詞が続きます。もう一つ大事なのは、この構文では文の主語（This bike）が to ride の目的語を兼ねるため、to ride it のように目的語を繰り返さない点です。so ... that 構文で書き換えると This bike is so big that Ted can't ride it. となり、that 節の中では it が必要になる、という対比も入試で狙われます。","1 ride：too ... for A の後は to 不定詞が必要で、原形は置けないため×
2 riding：too ... for A to do の構文に動名詞は使えないため×
3 rode：過去形の動詞をここに置く文法的な働きがないため×",""
"46","326","Chapter 5 文型","UNIT 1 第1〜第3文型の語法","空所補充","I grew （　） in Fukushima and came here five years ago.","by","to","up","over","","","3","up","I grew up in Fukushima and came here five years ago.","私は福島で育ち、5年前にここへ来ました。","「育つ」は grow up（自動詞＋副詞）","「福島で育って、5年前にここに来た」という文脈から、「育つ」を表す grow up を完成させます。grow up は〈自動詞＋副詞〉の句動詞で、「（人が）成長する・大人になる」という意味です。過去形 grew up の後ろに場所を表す in Fukushima が続く、ごく典型的な第1文型（S＋V）の文です。なお、grow 単独だと「（植物などが）育つ」「〜を栽培する」の意味が中心になるので、「人が育つ」は grow up とセットで覚えましょう。","1 by：grow by では「育つ」の意味にならないため×
2 to：grow to do（〜するようになる）の形はあるが、直後が in Fukushima で不成立のため×
4 over：grow over という熟語はここでは成立しないため×",""
"47","368","Chapter 5 文型","UNIT 4 第5文型の語法(2)","空所補充","I really hadn't expected the test （　） so difficult.","be","of being","to be","to being","","","3","to be","I really hadn't expected the test to be so difficult.","テストがそんなに難しいとは本当に思っていなかった。","expect O to do「Oが〜すると予想する」","expect は expect O to do（Oが〜すると予想する・期待する）の形を取る動詞です。ここでは O が the test、その後に「（テストが）そんなに難しい」という内容を続けるので、to be so difficult とします。過去完了 hadn't expected は「（テストを受けて難しさが分かった時点より前に）予想していなかった」ことを表しています。expect A of B などと混同しないよう、expect O to do をひとかたまりで覚えましょう。","1 be：expect の補語に原形不定詞は置けないため×
2 of being：expect O of doing という形は存在しないため×
4 to being：to不定詞の to の後ろは動詞の原形であり、動名詞 being は続かないため×",""
"48","321","Chapter 4 品詞系","UNIT 6 副詞","整序（英文選択）","とても暑い日だったので,だれも外に出たいと思いませんでした。
日本語の意味に合う英文として最も適切なものを選びなさい。","It was so a hot day that nobody wanted to go outside.","It was such a hot day that nobody wanted to go outside.","It was such hot a day that nobody wanted to go outside.","It was a such hot day that nobody wanted to go outside.","","","2","It was such a hot day that nobody wanted to go outside.","It was such a hot day that nobody wanted to go outside.","とても暑い日だったので、誰も外に出たいと思いませんでした。","such + a +形容詞+名詞+ that S V：such は冠詞の前に置く","主語 It に対してまず動詞 was を置き、「とても暑い日だったので…」を such ~ that … の構文で組み立てます。such は名詞のかたまり全体を修飾する語なので、〈such + a +形容詞+名詞〉= such a hot day の語順になり、冠詞 a は such の後ろ・形容詞 hot の前に置きます。最後に that を置けば、nobody wanted to go outside という結果の節につながります。前問の so beautiful a day と本問の such a hot day を並べて見比べ、「so は a が形容詞の後ろ、such は a が形容詞の前」という対比を体に染み込ませておきましょう。","【組み立て】
It のあとに動詞 was を確定
such a hot day（such + a +形容詞+名詞の語順）
that + nobody wanted … と結果の節につなげる",""
"49","052","Chapter 1 動詞関連","UNIT 5 仮定法(1)","整序（英文選択）","会議で何か新しいことが起こったら、私に知らせてください。
日本語の意味に合う英文として最も適切なものを選びなさい。","Should anything new happen in the meeting, please let me know.","Should anything happen new in the meeting, please let me know.","Should new anything happen in the meeting, please let me know.","Anything new should happen in the meeting, please let me know.","","","1","Should anything new happen in the meeting, please let me know.","Should anything new happen in the meeting, please let me know.","会議で何か新しいことが起こったら、私に知らせてください。","should の倒置と「-thing＋形容詞」の語順","「if S should＋原形（万一〜なら）」の if を省略した倒置形で、Should を文頭に置きます。主語は anything ですが、anything・something など -thing で終わる代名詞は形容詞を後ろに置くというルールがあるため、anything new（何か新しいこと）の語順になります。そのあとに動詞の原形 happen を続けて、Should anything new happen が完成です。帰結節が please let me know と命令文なのも、should 型の仮定法によくあるパターンです。","【組み立て】
②Should を文頭に（if 省略の倒置）→ 主語 ③anything＋④new（-thing は形容詞が後置）→ 動詞の原形 ①happen",""
"50","183","Chapter 3 構造系","UNIT 3 比較(1)","空所補充","Gabriela has five times （　） bags as I do.","as many","as more","many","more","","","1","as many","Gabriela has five times as many bags as I do.","ガブリエラは私の5倍の数のかばんを持っている。","倍数詞＋as many＋可算名詞＋as「…のX倍の数の～」","空所の前に five times（5倍）、後ろに bags as I do があるので、倍数表現「倍数詞＋as＋原級＋as」の形だと判断します。名詞の数を比較する場合は、as と as の間に「many＋可算名詞（数えられる名詞）」をはさんで as many bags as とします。bags は数えられる名詞なので much ではなく many です。よって 1 が正解です。問180の as much money as（量）とセットで、「数なら many、量なら much」と整理しておくと得点源になります。","2 as more：as ～ as の間に比較級 more は置けないため×
3 many：many だけでは前の five times と bags 後ろの as をつなぐ as が欠けるため×
4 more：比較級 more は than と組む形であり、後ろの as と合わないため×",""
